OID,Lake name,Date,Longitude,Latitude,Chl-a(μg/L),TSM(mg/L),SDD(cm),Temp(°C)
OID_1,Lake Baiyangdian,"2021_05_26 12:52:03
",116.0125,38.9358,10.74,9,110,22.812
OID_2,Lake Baiyangdian,"2021_05_26 13:09:50
",115.9983641,38.94338205,8.97,5,145,23.38
OID_3,Lake Baiyangdian,"2021_05_26 13:17:41
",115.9934,38.94685,6.91,5,160,23.378
OID_4,Lake Baiyangdian,"2021_05_26 13:32:03
",115.9876,38.94994,10.36,11,160,23.603
OID_5,Lake Baiyangdian,"2021_05_26 13:40:54
",115.9864,38.94664,9.29,16,160,23.665
OID_6,Lake Baiyangdian,"2021_05_26 13:49:53
",115.9866,38.94308,8.99,20,175,23.579
OID_7,Lake Baiyangdian,"2021_05_26 13:55:38
",115.988,38.94204,8.21,12,155,23.189
OID_8,Lake Baiyangdian,"2021_05_26 14:01:34
",115.991,38.94244,8.84,8,135,24.184
OID_9,Lake Baiyangdian,"2021_05_27 11:32:20
",116.0163886,38.82925486,5.43,4,120,22.931
OID_10,Lake Baiyangdian,"2021_05_27 11:43:39
",116.0102905,38.82831208,5,2,120,22.677
OID_11,Lake Baiyangdian,"2021_05_27 11:53:11
",116.0018224,38.83401082,4.06,9,130,23.77
OID_12,Lake Baiyangdian,"2021_05_27 12:19:15
",116.030624,38.82867767,3.66,6,140,22.995
OID_13,Lake Baiyangdian,"2021_05_27 12:33:31
",116.0349075,38.84971805,3.08,15,130,23.521
OID_14,Lake Baiyangdian,"2021_05_27 12:43:42
",116.0260032,38.85364573,4.44,11,140,23.361
OID_15,Lake Baiyangdian,"2021_05_27 12:55:42
",116.0370809,38.87261513,4.16,7,140,23.721
OID_16,Lake Baiyangdian,"2021_05_28 10:40:38
",116.0338591,38.86757383,4.19,15,145,22.203
OID_17,Lake Baiyangdian,"2021_05_28 10:51:06
",116.0378184,38.86640178,1.29,13,93,22.699
OID_18,Lake Baiyangdian,"2021_05_28 10:58:53
",116.0368308,38.86337361,1.36,12,80,22.387
OID_19,Lake Baiyangdian,"2021_05_28 11:10:05
",116.0336061,38.86237248,5.66,15,130,22.623
OID_20,Lake Baiyangdian,"2021_05_28 11:27:49
",116.0317109,38.8636781,2.8,11,125,22.591
OID_21,Lake Baiyangdian,"2021_05_28 11:40:22
",116.0431064,38.87524736,4.31,8,123,22.594
OID_22,Lake Baiyangdian,"2021_05_28 11:49:39
",116.0462891,38.87861597,2.74,8,125,22.696
OID_23,Lake Baiyangdian,"2021_05_28 11:59:48
",116.0567356,38.87616397,2.35,4,182,22.673
OID_24,Lake Baiyangdian,"2021_05_28 12:07:33
",116.0589751,38.87103482,1.48,8,180,23.911
OID_25,Lake Baiyangdian,"2021_05_28 12:24:44
",116.0306609,38.89950912,4.49,13,175,23.636
OID_26,Lake Baiyangdian,"2021_05_28 12:54:23
",115.9976366,38.95007543,3.65,12,140,24.001
OID_27,Lake Baiyangdian,"2021_05_28 13:11:00
",115.9972725,38.94173929,4.61,7,200,24.448
OID_28,Lake Bosten,"2021_09_14 12:01:24
",87.04468743,41.94149047,0.87,5,280,24.44711828
OID_29,Lake Bosten,"2021_09_14 12:38:43
",87.02387066,41.99640653,0.95,4,340,23.17238462
OID_30,Lake Bosten,"2021_09_14 13:09:26
",86.96567304,42.0002551,0.75,7,366,24.6267069
OID_31,Lake Bosten,"2021_09_14 13:38:12
",87.00636262,42.03789216,0.94,9,340,24.61476596
OID_32,Lake Bosten,"2021_09_14 13:59:04
",86.96617557,42.04372753,0.9,2,330,24.6608125
OID_33,Lake Bosten,"2021_09_14 14:23:10
",86.92479973,42.05942071,0.51,4,300,24.22332
OID_34,Lake Bosten,"2021_09_14 14:56:16
",86.90132847,42.03283928,0.46,2,300,24.11982692
OID_35,Lake Bosten,"2021_09_14 15:27:24
",86.91114476,41.99592969,0.24,1,320,24.06082979
OID_36,Lake Bosten,"2021_09_14 15:57:58
",86.86206699,41.98548691,0.52,1,350,22.729
OID_37,Lake Bosten,"2021_09_14 16:22:13
",86.81909522,41.9605417,0.45,4,330,23.294
OID_38,Lake Bosten,"2021_09_14 16:42:07
",86.82122504,41.92819094,0.68,6,320,24.68
OID_39,Lake Bosten,"2021_09_14 16:58:43
",86.83915707,41.90966233,0.84,1,310,23.743
OID_40,Lake Bosten,"2021_09_14 18:06:45
",86.91262952,41.96171285,1.12,4,290,25.521
OID_41,Lake Bosten,"2021_09_15 11:35:56
",87.04196788,41.93952824,0.95,7,280,22.893
OID_42,Lake Bosten,"2021_09_15 11:51:38
",87.05571878,41.99434328,0.82,7,320,23.248
OID_43,Lake Bosten,"2021_09_15 12:12:04
",86.99351238,41.94732804,1.07,6,320,23.093
OID_44,Lake Bosten,"2021_09_15 12:25:12
",86.94449661,41.95535683,0.91,7,320,23.178
OID_45,Lake Bosten,"2021_09_15 12:42:04
",87.00799501,42.00415952,0.87,4,300,23.383
OID_46,Lake Bosten,"2021_09_15 12:56:01
",87.02284328,42.05490681,0.73,5,320,23.108
OID_47,Lake Bosten,"2021_09_15 13:07:53
",86.97330146,42.06318739,0.41,8,300,23.025
OID_48,Lake Bosten,"2021_09_15 13:19:09
",86.92524753,42.0695732,0.27,4,300,23.158
OID_49,Lake Bosten,"2021_09_15 13:36:25
",86.95633582,42.00917,0.55,6,310,23.779
OID_50,Lake Bosten,"2021_09_15 13:49:29
",86.90975008,42.01618658,0.46,9,330,23.564
OID_51,Lake Bosten,"2021_09_15 14:07:15
",86.89461233,41.96097619,0.56,8,330,23.543
OID_52,Lake Bosten,"2021_09_15 14:19:27
",86.84529037,41.96826374,0.24,7,310,23.607
OID_53,Lake Bosten,"2021_09_15 14:33:29
",86.78012917,41.94210803,0.25,5,310,23.18
OID_54,Lake Bosten,"2021_09_15 14:43:01
",86.78232111,41.92183129,0.23,6,320,23.447
OID_55,Lake Bosten,"2021_09_15 14:52:42
",86.78120749,41.89854358,0.41,5,290,23.456
OID_56,Lake Bosten,"2021_09_15 15:04:05
",86.83184838,41.91451682,0.39,4,310,23.505
OID_57,Lake Bosten,"2021_09_15 15:15:59
",86.88090839,41.90837927,0.43,5,290,23.858
OID_58,Lake Butbaruch,2023_07_20 10:48:00,96.89731,37.31097,0.7,7,160,20.652
OID_59,Lake Butbaruch,2023_07_20 11:05:00,96.90401,37.30445,0.96,2,130,20.725
OID_60,Lake Butbaruch,2023_07_20 11:16:00,96.91472,37.29785,1.79,10,90,21.164
OID_61,Lake Butbaruch,2023_07_20 11:51:00,96.91995,37.27987,1.14,5,200,20.634
OID_62,Lake Butbaruch,2023_07_20 12:01:00,96.90978,37.28566,0.81,1,190,20.882
OID_63,Lake Butbaruch,2023_07_20 12:09:00,96.90013,37.27514,0.35,5,300,20.799
OID_64,Lake Butbaruch,2023_07_20 12:37:00,96.89922,37.2573,0.48,5,270,20.933
OID_65,Lake Butbaruch,2023_07_20 12:55:00,96.8898,37.26491,0.71,11,200,21.306
OID_66,Lake Butbaruch,2023_07_20 13:05:00,96.87486,37.2634,0.8,4,130,21.15
OID_67,Lake Butbaruch,2023_07_20 13:15:00,96.86301,37.2601,0.66,14,60,20.836
OID_68,Lake Butbaruch,2023_07_20 13:25:00,96.86752,37.26949,0.49,7,120,20.966
OID_69,Lake Butbaruch,2023_07_20 13:34:00,96.87199,37.28613,0.26,5,220,21.026
OID_70,Lake Butbaruch,2023_07_20 13:43:00,96.88676,37.2824,0.34,5,210,21.031
OID_71,Lake Butbaruch,2023_07_20 13:50:00,96.89188,37.29024,0.7,8,200,21.183
OID_72,Lake Butbaruch,2023_07_20 14:03:00,96.86916,37.29846,0.66,7,170,20.954
OID_73,Lake Butbaruch,2023_07_20 14:13:00,96.87099,37.31126,0.65,3,210,21.204
OID_74,Lake Butbaruch,2023_07_20 14:21:00,96.86737,37.3214,0.68,8,140,21.039
OID_75,Lake Butbaruch,2023_07_20 14:30:00,96.88506,37.30426,0.72,1,280,21.047
OID_76,Lake Chagan,2021_05_26 10:48:00,124.218067,45.305547,12.9,31,55.6,17.398
OID_77,Lake Chagan,2021_05_26 11:14:00,124.237778,45.287725,13.93,35.882,53.7,17.197
OID_78,Lake Chagan,2021_05_26 11:26:00,124.20936,45.277623,13.54,37.059,53.4,17.209
OID_79,Lake Chagan,2021_05_26 11:38:00,124.214397,45.24915,13.15,42.941,52.3,17.403
OID_80,Lake Chagan,2021_05_26 12:02:00,124.279085,45.283346,16.47,51.765,49.9,17.046
OID_81,Lake Chagan,2021_05_26 12:11:00,124.3056,45.265106,17.85,54.375,51.2,17.339
OID_82,Lake Chagan,2021_05_26 12:15:00,124.276865,45.244863,15.42,82,49.9,17.905
OID_83,Lake Chagan,2021_05_26 12:36:00,124.248465,45.230743,17.53,70,53.4,17.699
OID_84,Lake Chagan,2021_05_26 12:45:00,124.268597,45.212907,16.69,65,49.2,17.669
OID_85,Lake Chagan,2021_05_26 12:58:00,124.308342,45.233177,14.91,80.714,50.8,17.081
OID_86,Lake Chagan,2021_05_26 13:12:00,124.351202,45.254438,15.64,71.429,50.9,17.484
OID_87,Lake Chagan,2021_05_26 13:22:00,124.382165,45.234967,17.91,60,55.4,17.425
OID_88,Lake Chagan,2021_05_26 13:32:00,124.34645,45.225045,18.05,95.385,57.6,17.163
OID_89,Lake Chagan,2021_05_26 14:10:00,124.323805,45.184602,16.4,71.429,51.6,18.01
OID_90,Lake Chagan,2021_05_26 14:21:00,124.363485,45.200592,14.56,56.429,53.8,17.612
OID_91,Lake Chagan,2021_05_26 14:32:00,124.391587,45.213611,19.35,97.692,53.3,17.505
OID_92,Lake Chagan,2021_07_18 12:40:00,124.255986,45.304211,30.95,103.64,250,28.531
OID_93,Lake Chagan,2021_07_18 12:17:00,124.238403,45.286986,28.71,110,340,28.227
OID_94,Lake Chagan,2021_07_18 12:03:00,124.207754,45.276763,27.08,105,340,28.051
OID_95,Lake Chagan,2021_07_18 11:37:00,124.214319,45.247991,31.75,102.5,310,27.908
OID_96,Lake Chagan,2021_07_18 11:49:00,124.250062,45.265607,29.66,59.23,350,28.074
OID_97,Lake Chagan,2021_07_18 12:54:00,124.278915,45.283821,30.6,116.67,280,28.405
OID_98,Lake Chagan,2021_07_18 13:07:00,124.306099,45.265837,30.41,122.22,310,28.318
OID_99,Lake Chagan,2021_07_18 11:10:00,124.277548,45.245856,25.18,100,320,27.954
OID_100,Lake Chagan,2021_07_18 10:44:00,124.269919,45.212637,31.41,91.11,330,28.009
OID_101,Lake Chagan,2021_07_18 11:01:00,124.306148,45.233665,26.57,98.89,330,27.875
OID_102,Lake Chagan,2021_07_18 13:44:00,124.381109,45.233869,33.71,80,230,28.377
OID_103,Lake Chagan,2021_07_18 13:30:00,124.344786,45.225469,29.46,104.55,330,28.201
OID_104,Lake Chagan,2021_07_18 10:20:00,124.307046,45.207531,31.26,81.67,310,27.737
OID_105,Lake Chagan,2021_07_18 10:33:00,124.282395,45.189976,25.17,77.27,290,27.785
OID_106,Lake Chagan,2021_07_18 10:06:00,124.323463,45.183854,29.09,69.17,270,28.666
OID_107,Lake Chagan,2021_07_18 09:49:00,124.372209,45.204931,24.71,65,270,27.719
OID_108,Lake Chagan,2021_07_18 09:38:00,124.390315,45.213582,26.76,76.67,340,27.618
OID_109,Lake Chagan,2021_08_31 13:02:00,124.21828,45.305442,18.92,41.5,74,22.34
OID_110,Lake Chagan,2021_08_31 13:13:00,124.25638,45.30483,18.99,32.5,74,22.27
OID_111,Lake Chagan,2021_08_31 12:51:00,124.239652,45.287251,19.46,33,69,22.33
OID_112,Lake Chagan,2021_08_31 12:40:00,124.2077,45.277953,20.21,43.5,70,22.33
OID_113,Lake Chagan,2021_08_31 12:15:00,124.246628,45.267231,21.49,29.5,70,22.49
OID_114,Lake Chagan,2021_08_31 13:37:00,124.280859,45.2831,19.55,26.5,70,22.59
OID_115,Lake Chagan,2021_08_31 13:48:00,124.307498,45.267275,20.35,28,69,22.61
OID_116,Lake Chagan,2021_08_31 12:02:00,124.279435,45.244419,20.61,26.5,71,22.39
OID_117,Lake Chagan,2021_08_31 11:50:00,124.247344,45.231146,20.89,38,71,22.23
OID_118,Lake Chagan,2021_08_31 11:40:00,124.26725,45.214922,20.94,28.5,74,22.26
OID_119,Lake Chagan,2021_08_31 11:23:00,124.308489,45.234561,21,25.5,75,22.13
OID_120,Lake Chagan,2021_08_31 14:12:00,124.383722,45.238208,19.26,33.5,72,22.72
OID_121,Lake Chagan,2021_08_31 11:11:00,124.349676,45.225962,18.88,30,72,21.96
OID_122,Lake Chagan,2021_08_31 10:55:00,124.307678,45.207516,18.84,32,70,22.07
OID_123,Lake Chagan,2021_08_31 10:42:00,124.28039,45.190821,20.39,30,70,21.97
OID_124,Lake Chagan,2021_09_01 12:46:00,124.211996,45.304659,18.23,34,75,23.49
OID_125,Lake Chagan,2021_09_01 13:01:00,124.257511,45.304572,18.45,22.5,77,23.45
OID_126,Lake Chagan,2021_09_01 12:22:00,124.232224,45.284273,19.67,30.5,74,22.89
OID_127,Lake Chagan,2021_09_01 12:33:00,124.211338,45.277707,19.73,34,69,23.34
OID_128,Lake Chagan,2021_09_01 11:56:00,124.212654,45.250307,18.97,36,73,23.56
OID_129,Lake Chagan,2021_09_01 13:16:00,124.280048,45.283705,20.29,22.5,75,23.07
OID_130,Lake Chagan,2021_09_01 13:30:00,124.307153,45.266885,19.54,24.5,71,23.78
OID_131,Lake Chagan,2021_09_01 11:15:00,124.273198,45.242758,22.17,28.5,71,22.71
OID_132,Lake Chagan,2021_09_01 11:41:00,124.247349,45.230603,20.42,32.5,72,22.63
OID_133,Lake Chagan,2021_09_01 11:30:00,124.272736,45.213162,20.26,30,73,22.49
OID_134,Lake Chagan,2021_09_01 10:59:00,124.309163,45.232416,21.36,22,70,22.07
OID_135,Lake Chagan,2021_09_01 13:43:00,124.350609,45.2522678,19.79,24.5,75,22.97
OID_136,Lake Chagan,2021_09_01 14:10:00,124.383801,45.236216,18.37,18.667,74,22.51
OID_137,Lake Chagan,2021_09_01 13:56:00,124.352221,45.2248,22.38,21,76,22.37
OID_138,Lake Chagan,2021_09_01 10:47:00,124.301269,45.210308,21.45,28,69,22.3
OID_139,Lake Chagan,2021_09_01 10:29:00,124.281485,45.191128,19.86,25.6,68,22.29
OID_140,Lake Chagan,2021_09_01 10:15:00,124.326816,45.184379,17.96,25.6,74,21.91
OID_141,Lake Chagan,2021_09_01 10:01:00,124.363139,45.20014,19.3,28.4,77,21.88
OID_142,Lake Chagan,2021_09_01 09:49:00,124.389532,45.213533,19.43,28,79,21.85
OID_143,Lake Chagan,2021_09_17 13:47:00,124.217463,45.301387,17.38,30,51,19.39
OID_144,Lake Chagan,2021_09_17 13:19:00,124.238337,45.287211,17.36,23.33,51,19.52
OID_145,Lake Chagan,2021_09_17 13:32:00,124.205376,45.279719,17.32,23.33,43,19.36
OID_146,Lake Chagan,2021_09_17 12:52:00,124.215509,45.247551,17.99,19,40,19.31
OID_147,Lake Chagan,2021_09_17 13:06:00,124.248042,45.267145,18.2,17,47,19.38
OID_148,Lake Chagan,2021_09_17 14:14:00,124.277507,45.282462,18.42,16.67,48,19.7
OID_149,Lake Chagan,2021_09_17 14:26:00,124.303897,45.262538,19.31,19,44,19.68
OID_150,Lake Chagan,2021_09_17 12:14:00,124.279099,45.245506,17.92,22,47,19.41
OID_151,Lake Chagan,2021_09_17 12:39:00,124.245633,45.229277,17,20.83,36,19.32
OID_152,Lake Chagan,2021_09_17 12:27:00,124.266557,45.214681,17.63,22,45,19.31
OID_153,Lake Chagan,2021_09_17 12:01:00,124.310529,45.235167,19.45,23,48,19.43
OID_154,Lake Chagan,2021_09_17 14:53:00,124.382414,45.236246,20.13,30,41,19.79
OID_155,Lake Chagan,2021_09_17 11:49:00,124.337258,45.227704,19.38,22.22,48,19.37
OID_156,Lake Chagan,2021_09_17 11:33:00,124.303855,45.208461,18.36,19,40,19.22
OID_157,Lake Chagan,2021_09_17 11:08:00,124.323038,45.183827,18.57,17,39,19.11
OID_158,Lake Chagan,2021_09_17 10:55:00,124.363538,45.198903,19.5,24,43,19.17
OID_159,Lake Chagan,2021_09_17 10:43:00,124.391854,45.213903,20.11,28,53,19.07
OID_160,Lake Changdang,2022_11_02 10:27:25,119.5366588,31.59654233,25.63,63,26,18.226
OID_161,Lake Changdang,2022_11_02 10:57:33,119.5351592,31.60570017,20.87,57,25,18.125
OID_162,Lake Changdang,2022_11_02 11:11:57,119.5355537,31.61169817,20.66,54,25,18.506
OID_163,Lake Changdang,2022_11_02 11:21:26,119.534468,31.6153285,24.07,50,27,18.662
OID_164,Lake Changdang,2022_11_02 11:39:23,119.542734,31.62420483,18.2,41,27,18.675
OID_165,Lake Changdang,2022_11_02 11:59:34,119.550776,31.63282767,18.7,40,28,18.938
OID_166,Lake Changdang,2022_11_02 12:16:39,119.560148,31.62904417,15.32,44,25,18.865
OID_167,Lake Changdang,2022_11_02 12:31:08,119.5678572,31.62168417,15.34,49,25,18.787
OID_168,Lake Changdang,2022_11_02 12:44:22,119.574546,31.61538817,12.46,36,25,19.027
OID_169,Lake Changdang,2022_11_02 12:58:18,119.5678745,31.60811517,13.16,63,22,18.948
OID_170,Lake Changdang,2022_11_02 13:11:01,119.5610642,31.60158817,16.05,56,21,19.144
OID_171,Lake Changdang,2022_11_02 13:24:31,119.5544265,31.59551167,16.52,58,22,19.194
OID_172,Lake Changdang,2022_11_02 13:37:00,119.5480207,31.58903167,15.82,54,22,19.209
OID_173,Lake Chao,2023_11_01 09:48:00,117.7504,31.62073,6.89,18,40,21.87
OID_174,Lake Chao,2023_11_01 10:09:00,117.7225,31.63195,3.36,11,30,22.021
OID_175,Lake Chao,2023_11_01 11:24:00,117.6955,31.62326,6.27,13,30,21.657
OID_176,Lake Chao,2023_11_01 12:51:00,117.6577,31.60689,3.83,38,20,21.325
OID_177,Lake Chao,2023_11_01 12:00:00,117.6445,31.6155,4,38,30,21.859
OID_178,Lake Chao,2023_11_01 12:10:00,117.6316,31.5987,2.84,51,20,21.722
OID_179,Lake Chao,2023_11_01 12:22:00,117.6247,31.56666,3.2,45,30,22.125
OID_180,Lake Chao,2023_11_01 13:35:00,117.5852,31.55453,3.64,45,30,22.038
OID_181,Lake Chao,2023_11_01 13:45:00,117.5628,31.54805,3.27,50,30,22.962
OID_182,Lake Chao,2023_11_01 13:58:00,117.5584,31.5184,3.28,39,30,22.971
OID_183,Lake Chao,2023_11_01 13:06:00,117.5756,31.51167,3.64,44,40,23.708
OID_184,Lake Chao,2023_11_01 13:15:00,117.5866,31.5246,4.29,32,30,24.067
OID_185,Lake Chao,2023_11_01 13:26:00,117.608,31.5317,2.77,19,40,24.109
OID_186,Lake Chao,2023_11_01 14:35:00,117.6288,31.52957,3.2,31,30,23.894
OID_187,Lake Chao,2023_11_01 14:45:00,117.648,31.54227,5.64,40,30,24.103
OID_188,Lake Chao,2023_11_01 14:55:00,117.6509,31.56018,4.54,44,30,24.07
OID_189,Lake Chao,2023_11_01 14:03:00,117.655,31.57538,3.85,42,20,23.678
OID_190,Lake Chao,2023_11_01 14:16:00,117.6955,31.59565,5.86,19,30,23.414
OID_191,Lake Chao,2023_11_01 15:29:00,117.733,31.59873,6.03,49,40,23.508
OID_192,Lake Dianchi,2020_11_19 10:51:00,102.6859947,24.8939351,4.85,19,20,15.742
OID_193,Lake Dianchi,2020_11_19 11:25:00,102.7099541,24.85205169,5.56,18,28,15.978
OID_194,Lake Dianchi,2020_11_19 11:39:00,102.7496849,24.85357596,5.47,13,30,16.146
OID_195,Lake Dianchi,2020_11_19 11:57:00,102.7221439,24.82906862,5.21,14,26,16.096
OID_196,Lake Dianchi,2020_11_19 12:12:00,102.7306844,24.80104728,5.91,14,20,16.18
OID_197,Lake Dianchi,2020_11_19 12:34:00,102.688913,24.79646223,5.42,13,25,16.047
OID_198,Lake Dianchi,2020_11_19 12:47:00,102.6964796,24.7759574,5.65,9,28,16.083
OID_199,Lake Dianchi,2020_11_19 13:01:00,102.6690043,24.76243314,5.15,11,35,16.145
OID_200,Lake Dianchi,2020_11_19 13:19:00,102.6315993,24.74067262,4.97,10,32,15.95
OID_201,Lake Dianchi,2020_11_19 13:33:00,102.6641134,24.71829976,5.16,15,27,16.198
OID_202,Lake Dianchi,2020_11_19 13:48:00,102.6340387,24.69807999,4.4,12,25,16.175
OID_203,Lake Dianchi,2020_11_22 10:48:00,102.6364848,24.994384,4.08,4,80,15.866
OID_204,Lake Dianchi,2020_11_29 10:59:00,102.641296,24.989554,8.98,4,75,15.605
OID_205,Lake Dianchi,2020_11_22 11:11:00,102.635231,24.98388817,4.96,5,100,15.96
OID_206,Lake Dianchi,2020_11_22 11:18:00,102.6433687,24.98392817,5.16,7,90,15.852
OID_207,Lake Dianchi,2020_11_22 11:27:00,102.6462267,24.97393967,7.39,6,90,16.172
OID_208,Lake Dianchi,2020_11_22 11:37:00,102.6383842,24.97856417,9.61,4,80,15.801
OID_209,Lake Dianchi,2020_11_22 11:47:00,102.6431033,24.96983583,8.38,7,90,16.179
OID_210,Lake Dianchi,2021_12_15 11:08:00,102.6841185,24.89221493,2.1,17,70,12.88221053
OID_211,Lake Dianchi,2021_12_15 11:27:00,102.7120739,24.88126371,2.07,16,70,12.82211034
OID_212,Lake Dianchi,2021_12_15 11:37:00,102.7262056,24.89460655,2.16,17,72,12.86658251
OID_213,Lake Dianchi,2021_12_15 12:03:00,102.7513231,24.86459703,2.16,11,62,12.81693019
OID_214,Lake Dianchi,2021_12_15 12:43:00,102.7122945,24.85263167,1.82,11,80,12.78049679
OID_215,Lake Dianchi,2021_12_15 12:52:00,102.6875737,24.8477771,2.2,10,72,12.7674797
OID_216,Lake Dianchi,2021_12_15 13:01:00,102.6933088,24.82791824,1.92,10,80,13.0669375
OID_217,Lake Dianchi,2021_12_15 13:19:00,102.7037921,24.81557839,1.99,15,82,12.99951282
OID_218,Lake Dianchi,2021_12_15 13:27:00,102.7178967,24.81196453,1.83,13,85,12.851
OID_219,Lake Dianchi,2021_12_15 13:38:00,102.7351559,24.80852293,2.16,16,77,13.009
OID_220,Lake Dianchi,2021_12_15 13:53:00,102.7459163,24.81727229,2.08,11,86,13.019
OID_221,Lake Dianchi,2021_12_15 14:01:00,102.7592903,24.84169437,2.15,12,80,13.072
OID_222,Lake Dianchi,2021_12_16 10:52:00,102.6518916,24.69322562,2.27,10,92,12.811
OID_223,Lake Dianchi,2021_12_16 11:03:00,102.6374196,24.70498003,2.1,11,102,12.816
OID_224,Lake Dianchi,2021_12_16 11:13:00,102.6198585,24.70331783,2.51,9,100,12.856
OID_225,Lake Dianchi,2021_12_16 11:23:00,102.6387728,24.72625181,1.9,6,96,12.806
OID_226,Lake Dianchi,2021_12_16 11:34:00,102.6413194,24.74798576,1.66,9,98,12.922
OID_227,Lake Dianchi,2021_12_16 11:45:00,102.6316889,24.76480553,1.66,8,94,13.239
OID_228,Lake Dianchi,2021_12_16 12:16:00,102.676995,24.78801544,2.06,7,92,13.549
OID_229,Lake Dianchi,2021_12_16 12:47:00,102.6954333,24.77821736,2.23,9,98,13.746
OID_230,Lake Dianchi,2021_12_16 12:56:00,102.7195078,24.79056745,2.73,8,92,13.611
OID_231,Lake Dianchi,2021_12_16 13:08:00,102.6695906,24.75347676,1.77,9,96,14.084
OID_232,Lake Dianchi,2021_12_16 13:15:00,102.6694678,24.73518845,2.92,8,98,13.372
OID_233,Lake Dianchi,2021_12_16 13:23:00,102.6556632,24.72838951,2.25,8,100,13.738
OID_234,Lake Dianchi,2021_12_16 13:32:00,102.6495067,24.70862499,2.12,8,92,13.074
OID_235,Lake Erhai,2023_11_24 10:12:00,100.2446,25.665,1.43,7,350,16.14
OID_236,Lake Erhai,2023_11_24 10:30:00,100.2307,25.6882,1.42,4,340,16.143
OID_237,Lake Erhai,2023_11_24 10:41:00,100.2273,25.69684,1.3,4,340,16.036
OID_238,Lake Erhai,2023_11_24 10:55:00,100.2129,25.69842,1.21,1,310,16.551
OID_239,Lake Erhai,2023_11_24 11:14:00,100.2,25.73062,1.36,4,260,17.213
OID_240,Lake Erhai,2023_11_24 11:30:00,100.182,25.74469,0.69,2,290,17.47
OID_241,Lake Erhai,2023_11_24 11:45:00,100.1706,25.7585,0.78,3,290,17.635
OID_242,Lake Erhai,2023_11_24 12:01:00,100.18,25.77864,0.59,4,270,17.709
OID_243,Lake Erhai,2023_11_24 12:14:00,100.1917,25.78484,1.04,1,320,17.789
OID_244,Lake Erhai,2023_11_24 12:29:00,100.2078,25.7692,0.76,1,290,17.925
OID_245,Lake Erhai,2023_11_24 12:41:00,100.2057,25.76012,0.52,1,270,18.219
OID_246,Lake Erhai,2023_11_24 12:55:00,100.2021,25.74678,0.74,7,250,18.145
OID_247,Lake Erhai,2023_11_24 13:06:00,100.2188,25.7419,0.85,11,250,17.687
OID_248,Lake Erhai,2023_11_24 13:19:00,100.2229,25.7256,0.65,2,270,17.727
OID_249,Lake Erhai,2023_11_24 13:35:00,100.2351,25.7064,0.49,4,300,17.511
OID_250,Lake Erhai,2023_11_24 13:55:00,100.2477,25.69139,1.47,4,310,17.471
OID_251,Lake Erhai,2023_11_25 10:08:00,100.1706,25.81317,1.45,2,210,17.209
OID_252,Lake Erhai,2023_11_25 10:27:00,100.1674,25.83509,1.61,6,250,17.208
OID_253,Lake Erhai,2023_11_25 10:44:00,100.1691,25.85806,1.8,2,260,17.221
OID_254,Lake Erhai,2023_11_25 10:58:00,100.1738,25.87631,2.45,1,280,17.116
OID_255,Lake Erhai,2023_11_25 11:11:00,100.1931,25.88934,1.62,6,220,17.427
OID_256,Lake Erhai,2023_11_25 11:26:00,100.1756,25.89748,1.15,1,150,17.135
OID_257,Lake Erhai,2023_11_25 12:28:00,100.1798,25.91097,1.06,1,170,17.588
OID_258,Lake Erhai,2023_11_25 12:43:00,100.1619,25.92108,1.22,1,210,17.851
OID_259,Lake Erhai,2023_11_25 12:55:00,100.145,25.91778,1.15,2,210,17.897
OID_260,Lake Erhai,2023_11_25 13:08:00,100.1286,25.91072,1.3,14,150,18.083
OID_261,Lake Erhai,2023_11_25 13:24:00,100.1529,25.89991,1.3,9,200,17.82
OID_262,Lake Erhai,2023_11_25 13:35:00,100.1583,25.88579,1.24,9,280,17.856
OID_263,Lake Erhai,2023_11_25 13:54:00,100.1856,25.86467,0.88,3,230,18.793
OID_264,Lake Erhai,2023_11_25 14:13:00,100.196,25.83169,1.35,1,250,18.903
OID_265,Lake Erhai,2023_11_25 14:28:00,100.1906,25.80732,1.79,3,150,18.746
OID_266,Lake Gaoyou,2022_11_07 10:23:22,119.3090932,32.93203767,21.95,111,8,15.108
OID_267,Lake Gaoyou,2022_11_07 10:46:41,119.2851873,32.899654,25.11,75,12,15.337
OID_268,Lake Gaoyou,2022_11_07 11:01:11,119.298069,32.89983817,24.6,75,13,15.387
OID_269,Lake Gaoyou,2022_11_07 11:20:46,119.3025853,32.8738675,19.76,62,17,15.732
OID_270,Lake Gaoyou,2022_11_07 11:33:11,119.2915998,32.86252317,22.47,48,20,15.606
OID_271,Lake Gaoyou,2022_11_07 11:49:45,119.3008562,32.84046767,20.02,39,24,16.328
OID_272,Lake Gaoyou,2022_11_07 12:03:10,119.3118063,32.85030933,17.81,49,15,16.171
OID_273,Lake Gaoyou,2022_11_07 12:19:48,119.3111157,32.8698065,21.2,49,14,15.935
OID_274,Lake Gaoyou,2022_11_07 12:39:48,119.3158173,32.89884483,25.17,61,13,15.165
OID_275,Lake Gaoyou,2022_11_07 12:52:07,119.3203673,32.90458183,25.59,48,20,15.441
OID_276,Lake Gaoyou,2022_11_07 13:04:12,119.3164852,32.9095,22.7,46,23,15.831
OID_277,Lake Gaoyou,2022_11_07 13:27:34,119.3424072,32.920998,14.4,30,24,16.002
OID_278,Lake Gaoyou,2023_10_14 10:10:00,119.3343,32.91793,12.93,40,30,20.75
OID_279,Lake Gaoyou,2023_10_14 10:27:00,119.3151,32.91291,13.29,41,35,20.61
OID_280,Lake Gaoyou,2023_10_14 10:39:00,119.2864,32.91932,16.15,38,33,21.27
OID_281,Lake Gaoyou,2023_10_14 10:52:00,119.2822,32.89712,16.76,45,25,21.06
OID_282,Lake Gaoyou,2023_10_14 11:2:00,119.2994,32.88759,11.57,40,28,20.81
OID_283,Lake Gaoyou,2023_10_14 11:14:00,119.2916,32.87319,13.51,45,30,21.15
OID_284,Lake Gaoyou,2023_10_14 11:30:00,119.3024,32.85528,19.69,43,30,21.22
OID_285,Lake Gaoyou,2023_10_14 11:41:00,119.285,32.84373,18.37,48,25,21.61
OID_286,Lake Gaoyou,2023_10_14 12:4:00,119.3183,32.83419,23.27,52,23,21.3
OID_287,Lake Gaoyou,2023_10_14 12:14:00,119.3344,32.84249,19.54,53,20,21.25
OID_288,Lake Gaoyou,2023_10_14 12:25:00,119.3148,32.84621,24.74,42,25,21.56
OID_289,Lake Gaoyou,2023_10_14 12:36:00,119.326,32.86028,18.43,41,20,21.45
OID_290,Lake Gaoyou,2023_10_14 12:46:00,119.3164,32.86877,16.68,48,21,21.54
OID_291,Lake Gaoyou,2023_10_14 12:58:00,119.3197,32.88294,14.97,44,30,21.56
OID_292,Lake Gaoyou,2023_10_14 13:19:00,119.3114,32.89886,18.78,33,28,21.78
OID_293,Lake Gaoyou,2023_10_14 13:35:00,119.3303,32.90873,15.42,28,28,21.95
OID_294,Lake Gaoyou,2023_10_14 13:49:00,119.352,32.91658,15.51,32,28,22.07
OID_295,Lake Gaoyou,2023_10_14 13:59:00,119.3578,32.93066,16.81,30,27,22.02
OID_296,Lake Ge,2022_10_12 10:53:48,119.8061598,31.64297117,26.15,76,20,17.088
OID_297,Lake Ge,2022_10_12 11:17:50,119.8113948,31.62501367,21.68,85,18,16.8
OID_298,Lake Ge,2022_10_12 11:35:59,119.8122722,31.6128855,19.61,90,18,16.977
OID_299,Lake Ge,2022_10_12 11:55:29,119.7860378,31.584487,22.9,50,17,17.382
OID_300,Lake Ge,2022_10_12 12:15:32,119.7772218,31.556046,10.66,44,16,18.088
OID_301,Lake Ge,2022_10_12 12:30:06,119.7813852,31.5439855,22.75,60,20,17.507
OID_302,Lake Ge,2022_10_12 12:53:58,119.8132822,31.5899265,15.03,56,20,17.697
OID_303,Lake Ge,2022_10_12 13:14:04,119.8415818,31.60350933,20.34,56,20,17.367
OID_304,Lake Ge,2022_10_12 13:22:55,119.8299982,31.6126955,15.56,36,18,17.571
OID_305,Lake Ge,2022_10_12 13:38:36,119.825295,31.6215955,21.38,56,16,17.471
OID_306,Lake Hong-tse,2022_10_23 09:13:00,118.6604178,33.27510167,12.93,59,15,17.859
OID_307,Lake Hong-tse,2022_10_23 09:51:00,118.6274342,33.27833233,14.94,57,12,17.663
OID_308,Lake Hong-tse,2022_10_23 10:30:00,118.6040583,33.2758425,16.07,51,14,17.835
OID_309,Lake Hong-tse,2022_10_23 11:12:00,118.5879165,33.26300783,9.75,47,23,17.853
OID_310,Lake Hong-tse,2022_10_23 11:50:00,118.5344802,33.25154383,9.94,59,18,18.037
OID_311,Lake Hong-tse,2022_10_23 12:30:00,118.5235522,33.25742383,11.28,52,16,18.05
OID_312,Lake Hong-tse,2022_10_23 13:12:00,118.528885,33.24180833,11.66,43,13,18.334
OID_313,Lake Hong-tse,2022_10_23 14:00:00,118.5275607,33.2338435,13.62,38,22,18.204
OID_314,Lake Hong-tse,2022_10_23 14:25:00,118.4759828,33.2143295,14.01,40,17,18.416
OID_315,Lake Hong-tse,2022_10_23 15:57:00,118.4917317,33.250315,14.36,44,15,18.424
OID_316,Lake Hong-tse,2022_10_23 16:25:00,118.4933095,33.26848883,17.79,54,16,18.272
OID_317,Lake Hulun,2022_07_21 14:15:00,117.088997,48.766201,91.225006,19.714286,,26.08
OID_318,Lake Hulun,2022_07_21 14:37:00,117.039002,48.8396,241.66452,35.333333,,27.36
OID_319,Lake Hulun,2022_07_21 15:58:00,117.098999,48.823101,116.352814,33,,27.22
OID_320,Lake Hulun,2022_07_21 13:59:02,117.156998,48.7892,101.85215,23.5,,25.59
OID_321,Lake Hulun,2022_07_21 13:36:03,117.202,48.7413,91.464516,22.4,,25.05
OID_322,Lake Hulun,2022_07_21 13:39:04,117.219002,48.8279,64.200653,26,,25.55
OID_323,Lake Hulun,2022_07_21 13:12:00,117.264,48.7934,66.550751,19.6,,24.6
OID_324,Lake Hulun,2022_07_21 13:17:05,117.308998,48.868301,52.801399,16.666667,,25.25
OID_325,Lake Hulun,2022_07_21 12:28:06,117.346,48.8293,50.281525,17.6,,25.1
OID_326,Lake Hulun,2022_07_21 12:08:07,117.311997,48.9935,221.856186,22.857143,,26.69
OID_327,Lake Hulun,2022_07_21 12:32:08,117.349999,48.960999,71.867813,22.4,,26.31
OID_328,Lake Hulun,2022_07_21 12:50:09,117.399002,48.926498,63.290596,17.6,,25.84
OID_329,Lake Hulun,2022_07_21 12:10:00,117.448,48.8911,64.672607,18.4,,24.3
OID_330,Lake Hulun,2022_07_20 12:45:10,117.377,49.0666,136.349426,28.5,,24.75
OID_331,Lake Hulun,2022_07_20 13:06:11,117.424,49.0305,116.481102,30.5,,25.2
OID_332,Lake Hulun,2022_07_20 13:46:12,117.466003,48.998901,167.794449,37,,26.85
OID_333,Lake Hulun,2022_07_20 13:28:13,117.512001,48.957802,216.737457,46.666667,,28.11
OID_334,Lake Hulun,2022_07_20 13:10:14,117.556999,48.919102,313.358063,53.333333,,27.52
OID_335,Lake Hulun,2022_07_20 12:10:15,117.445,49.1338,229.496094,26.5,,24.45
OID_336,Lake Hulun,2022_07_20 14:08:16,117.542,49.063499,196.538208,38,,26.6
OID_337,Lake Hulun,2022_07_20 14:28:17,117.588029,49.028509,181.858002,39,,28.19
OID_338,Lake Hulun,2022_07_20 11:43:18,117.507,49.2005,203.089417,22.4,,24.4
OID_339,Lake Hulun,2022_07_20 14:01:19,117.549,49.1666,166.163193,35,,25.4
OID_340,Lake Hulun,2022_07_20 15:05:20,117.595775,49.110806,295.084778,46.666667,,26.38
OID_341,Lake Hulun,2022_07_20 14:46:21,117.636477,49.068136,213.116058,46,,27.49
OID_342,Lake Hulun,2022_07_20 11:16:22,117.555,49.2739,138.016968,20.666667,,24.65
OID_343,Lake Hulun,2022_07_20 14:31:23,117.612,49.2271,153.705917,18.4,,25.55
OID_344,Lake Hulun,2022_07_20 10:36:24,117.658997,49.1903,146.041718,21.6,,24.588
OID_345,Lake Hulun,2022_07_20 11:15:25,117.705002,49.140598,186.663818,29.2,,25.21
OID_346,Lake Hulun,2022_07_20 15:00:26,117.645,49.2581,112.98661,23,,25.8
OID_347,Lake Hulun,2022_07_20 11:38:27,117.764,49.1283,26.107742,24,,27.12
OID_348,Lake Hulun,2022_07_20 10:14:28,117.669,49.296,86.954636,25,,26.15
OID_349,Lake Hulun,2022_07_20 13:54:00,117.176,48.6936,57.293991,19.666667,,24.93
OID_350,Lake Hulun,2022_07_20 14:15:29,117.215,48.6551,52.712582,18,,25.5
OID_351,Lake Hulun,2022_07_20 14:40:30,117.171,48.5925,105.663422,20.5,,27.15
OID_352,Lake Hulun,2022_09_06 08:41:31,117.089887,48.765527,4.391569,32.4,,16.852
OID_353,Lake Hulun,2022_09_06 09:10:32,117.15804,48.789308,9.902034,50,,16.905
OID_354,Lake Hulun,2022_09_06 13:50:33,117.181733,48.964619,7.606215,47.9,,16.789
OID_355,Lake Hulun,2022_09_06 09:35:34,117.221123,48.828497,16.694662,82.7,,16.583
OID_356,Lake Hulun,2022_09_06 13:23:35,117.247697,48.967762,5.429077,37.2,,16.934
OID_357,Lake Hulun,2022_09_06 09:59:36,117.309542,48.868907,17.293623,73.8,,16.744
OID_358,Lake Hulun,2022_09_06 12:21:37,117.361997,48.9935,16.165758,39,,16.79625431
OID_359,Lake Hulun,2022_09_06 12:43:38,117.349999,48.960999,7.360328,35,,16.7260488
OID_360,Lake Hulun,2022_09_06 10:26:39,117.399002,48.926498,16.458794,69.4,,16.65716655
OID_361,Lake Hulun,2022_09_06 11:40:40,117.396999,49.066601,6.960936,47.5,,16.65080136
OID_362,Lake Hulun,2022_09_06 11:17:41,117.42358,49.031176,9.799015,48,,16.63336728
OID_363,Lake Hulun,2022_09_06 10:57:42,117.466838,48.998516,12.215549,71.6,,16.68597932
OID_364,Lake Hulun,2022_09_08 08:50:43,117.039578,48.840226,5.629298,51.4,26,16.067
OID_365,Lake Hulun,2022_09_08 09:13:44,117.099835,48.822598,7.123333,52.9,23.5,16.09
OID_366,Lake Hulun,2022_09_08 09:19:45,117.120578,48.834959,8.906901,54.7,24,16.64
OID_367,Lake Hulun,2022_09_08 09:47:46,117.6564089,49.08399665,20.532297,49,22,15.997
OID_368,Lake Hulun,2022_09_08 09:15:47,117.6972452,49.0591606,53.948109,40,25,16.337
OID_369,Lake Hulun,2022_09_08 12:24:00,117.5399185,49.26433618,36.896179,41.8,25,16.078
OID_370,Lake Hulun,2022_09_08 11:53:00,117.6477842,49.25508515,52.393509,50,25,16.257
OID_371,Lake Hulun,2022_09_08 11:22:48,117.6592495,49.17656268,42.233292,40,30,16.166
OID_372,Lake Hulun,2022_09_08 11:02:49,117.692331,49.14495089,8.570277,32.5,29.5,17.055
OID_373,Lake Hulun,2022_09_08 10:43:00,117.7225101,49.11341396,11.159401,33.5,30,17.051
OID_374,Lake Hulun,2022_09_08 12:46:50,117.5888359,49.2882673,19.019075,43.4,22,16.942
OID_375,Lake Hulun,2022_09_08 11:37:51,117.6324142,49.21105564,15.785824,53.8,24,16.49
OID_376,Lake Hulun,2022_09_08 12:10:52,117.6615446,49.2977831,61.038181,47.4,29.5,16.779
OID_377,Lake Hulun,2022_09_08 10:58:53,117.4910151,49.17031189,13.89808,46.9,21,16.581
OID_378,Lake Hulun,2022_09_08 11:13:54,117.4869264,49.20459656,9.433615,42.3,23,16.656
OID_379,Lake Hulun,2022_09_08 12:13:55,117.5090671,49.24806628,10.661679,35.4,28,16.316
OID_380,Lake Hulun,2022_09_08 12:37:56,117.5668986,49.27719312,57.539639,40,22,16.667
OID_381,Lake Hulun,2022_09_08 13:07:57,117.5939647,49.24995102,44.141258,57.7,29.5,16.484
OID_382,Lake Hulun,2022_09_08 13:26:58,117.5856643,49.20833576,15.25607,37.7,22,16.611
OID_383,Lake Hulun,2022_09_08 13:45:00,117.5851516,49.16600956,31.593605,54.7,22,16.96
OID_384,Lake Hulun,2022_09_08 14:04:59,117.6405185,49.14086845,25.061678,38.5,29,17.11
OID_385,Lake Hulun,2022_09_08 14:21:60,117.6984086,49.11460859,6.658805,37.5,25,16.889
OID_386,Lake Hulun,2022_09_08 09:28:61,117.115182,48.82725,7.839745,51.5,25,17.207
OID_387,Lake Hulun,2022_09_08 09:41:62,117.106357,48.815277,8.596911,50,24,17.335
OID_388,Lake Hulun,2022_09_08 09:45:63,117.092387,48.81068,7.078219,43.5,27,17.529
OID_389,Lake Hulun,2022_09_08 09:54:64,117.07631,48.801235,5.906883,43.5,33,16.145
OID_390,Lake Hulun,2022_09_08 10:10:65,117.063862,48.792873,8.243176,31.9,32.5,16.171
OID_391,Lake Hulun,2022_09_08 10:20:66,117.046725,48.780908,6.018518,29.4,37,16.215
OID_392,Lake Poyang,2021_08_13,116.080737,29.454957,6.627351,44,35,32.964
OID_393,Lake Poyang,2021_08_13,116.101495,29.47428,6.801542,26,35,32.946
OID_394,Lake Poyang,2021_08_13,116.114153,29.496702,7.216432,29.428571,30,32.673
OID_395,Lake Poyang,2021_08_13,116.123362,29.515102,6.333625,26.2,40,32.696
OID_396,Lake Poyang,2021_08_13,116.130397,29.542556,8.552606,28,50,32.725
OID_397,Lake Poyang,2021_08_13,116.133952,29.56734,12.383515,20.5,40,32.732
OID_398,Lake Poyang,2021_08_13,116.128878,29.595278,10.325087,22.8,45,32.854
OID_399,Lake Poyang,2021_08_13,116.13718,29.618634,9.04686,23.272727,40,32.875
OID_400,Lake Poyang,2021_08_13,116.15225,29.646613,9.540431,19.8,50,32.885
OID_401,Lake Poyang,2021_08_13,116.182393,29.697275,7.652326,19.826087,55,32.889
OID_402,Lake Poyang,2021_08_13,116.192618,29.724969,9.393115,28.545455,55,32.88
OID_403,Lake Qinghai,2022_07_07 09:51:00,100.628463,36.714074,0.295301,2.222222,390,
OID_404,Lake Qinghai,2022_07_07 10:30:00,100.547688,36.734398,0.355699,1.304348,386,
OID_405,Lake Qinghai,2022_07_07 11:12:00,100.497317,36.711996,0.230385,1.276596,376,
OID_406,Lake Qinghai,2022_07_07 11:50:00,100.445425,36.734553,0.297192,1.521739,371,
OID_407,Lake Qinghai,2022_07_07 12:30:00,100.36257,36.74993,0.370688,2.553191,360,
OID_408,Lake Qinghai,2022_07_07 14:00:00,100.225112,36.871717,0.274465,1.489362,335,
OID_409,Lake Qinghai,2022_07_07 14:25:00,100.28553,36.884925,0.262262,1.276596,328,
OID_410,Lake Qinghai,2022_07_07 15:57:00,100.46129,36.690733,0.399639,1.276596,393,
OID_411,Lake Qinghai,2022_07_07 17:23:00,100.54634,36.64618,0.328892,2.553191,335,
OID_412,Lake Qinghai,2022_07_08 08:39:00,100.981143,36.661685,0.266327,1.598324,262,
OID_413,Lake Qinghai,2022_07_08 09:01:00,100.4505,36.677877,0.243318,1.702128,320,
OID_414,Lake Qinghai,2022_07_08 09:41:00,100.385182,36.71659,0.150243,1.276596,300,
OID_415,Lake Qinghai,2022_07_08 10:31:00,100.278988,36.748453,0.286861,1.276596,370,
OID_416,Lake Qinghai,2022_07_08 11:08:00,100.262998,36.71254,0.258663,1.489362,263,
OID_417,Lake Qinghai,2022_07_08 11:23:00,100.302048,36.702072,0.270085,1.914894,323,
OID_418,Lake Qinghai,2022_07_08 11:39:00,100.3231447,36.688308,0.274283,0.851064,310,
OID_419,Lake Qinghai,2022_07_08 11:54:00,100.358252,36.682482,0.191585,1.489362,300,
OID_420,Lake Ballet Swan,2020_9_26 10:29:00,115.6945137,41.71181067,3.29,18,36,
OID_421,Lake Ballet Swan,2020_9_26 10:37:00,115.6949272,41.71732367,3.63,7,38,
OID_422,Lake Ballet Swan,2020_9_26 10:43:00,115.6995777,41.723939,4.4,13,40,
OID_423,Lake Ballet Swan,2020_9_26 10:52:00,115.7081835,41.72615767,5.45,17,40,
OID_424,Lake Ballet Swan,2020_9_26 11:01:00,115.7079878,41.7222135,4.01,11,42,
OID_425,Lake Ballet Swan,2020_9_26 11:10:00,115.7065105,41.71670217,3.56,9,42,
OID_426,Lake Ballet Swan,2020_9_26 11:19:00,115.7056005,41.711102,3.5,16,40,
OID_427,Lake Ballet Swan,2020_9_26 11:28:00,115.7163688,41.71019917,4.03,12,37,
OID_428,Lake Ballet Swan,2020_9_26 11:36:00,115.7201158,41.71779783,4.84,16,40,
OID_429,Lake Ballet Swan,2020_9_26 11:44:00,115.7200137,41.72484883,5.77,19,45,
OID_430,Lake Ballet Swan,2020_9_26 11:52:00,115.7259543,41.72257483,6.09,19,42,
OID_431,Lake Ballet Swan,2020_9_26 12:00:00,115.7270263,41.718818,5.85,13,50,
OID_432,Lake Ballet Swan,2020_9_26 12:22:00,115.7159997,41.70480067,3.34,15,50,
OID_433,Lake Ballet Swan,2020_9_26 12:33:00,115.7121532,41.71804317,4.5,11,42,
OID_434,Lake Taihu,2020_12_22 9:52:00,120.1990832,31.2470365,6.95,32,,6.385
OID_435,Lake Taihu,2020_12_22 10:07:00,120.1894288,31.21141317,7.12,17,,6.414
OID_436,Lake Taihu,2020_12_22 10:21:00,120.1951193,31.1724955,6.96,7,,6.573
OID_437,Lake Taihu,2020_12_22 10:33:00,120.228107,31.173293,6.16,16,,6.528
OID_438,Lake Taihu,2020_12_22 11:00:00,120.2310283,31.246582,5.36,25,,6.466
OID_439,Lake Taihu,2020_12_22 11:12:00,120.2629922,31.24568283,5.67,19,,6.422
OID_440,Lake Taihu,2020_12_22 11:25:00,120.258994,31.21098317,6.46,4,,6.53
OID_441,Lake Taihu,2020_12_22 11:37:00,120.2588338,31.1861585,5.36,4,,6.537
OID_442,Lake Taihu,2020_12_22 12:02:00,120.2945968,31.228659,5.83,21,,6.748
OID_443,Lake Taihu,2020_12_22 12:17:00,120.3178983,31.20877583,5.37,12,,6.838
OID_444,Lake Taihu,2022_12_13 10:25:05,119.9624,31.28734,2.23,33,30,8.048
OID_445,Lake Taihu,2022_12_13 10:49:27,119.9464,31.26392,1.13,37,29,8.004
OID_446,Lake Taihu,2022_12_13 11:04:10,119.9642,31.23598,1.59,49,27,8.163
OID_447,Lake Taihu,2022_12_13 11:19:47,119.9928,31.24533,1.59,60,25,8.205
OID_448,Lake Taihu,2022_12_13 11:36:11,120.0112,31.19916,1.36,61,20,8.393
OID_449,Lake Taihu,2022_12_13 11:51:05,120.0248,31.22704,2.09,64,26,8.349
OID_450,Lake Taihu,2022_12_13 12:14:56,120.0464,31.26719,2.68,66,23,8.234
OID_451,Lake Taihu,2022_12_13 12:30:15,120.0124,31.27985,2.76,47,20,8.301
OID_452,Lake Taihu,2022_12_13 12:43:55,119.9966,31.31349,3.64,30,30,8.333
OID_453,Lake Taihu,2022_12_13 12:56:50,120.0137,31.33761,1.98,32,35,8.426
OID_454,Lake Taihu,2022_12_13 13:09:42,120.0051,31.35129,2.72,14,40,8.674
OID_455,Lake Taihu,2022_12_13 13:18:36,120.006,31.36902,2.09,10,45,8.736
OID_456,Lake Taihu,2022_12_13 13:28:16,119.9909,31.35878,3.37,13,38,8.86
OID_457,Lake Taihu,2023_10_17 09:52:00,119.9901,31.30853,17.76,25,20,21.479
OID_458,Lake Taihu,2023_10_17 10:01:00,120.0052,31.32134,13.47,27,20,21.698
OID_459,Lake Taihu,2023_10_17 10:09:00,119.9922,31.32065,16.2,25,30,21.528
OID_460,Lake Taihu,2023_10_17 10:17:00,119.9823,31.32756,16.29,24,30,21.64
OID_461,Lake Taihu,2023_10_17 10:30:00,120.0159,31.35655,14.74,10,50,22.006
OID_462,Lake Taihu,2023_10_17 10:39:00,120.03,31.36473,15.45,12,50,22.084
OID_463,Lake Taihu,2023_10_17 10:49:00,120.0475,31.34967,16.4,8,50,21.994
OID_464,Lake Taihu,2023_10_17 10:58:00,120.0323,31.3412,18.03,9,40,22.095
OID_465,Lake Taihu,2023_10_17 11:12:00,120.0274,31.3009,13.72,24,30,21.832
OID_466,Lake Taihu,2023_10_17 11:25:00,120.0338,31.28923,7.25,15,40,21.815
OID_467,Lake Taihu,2023_10_17 11:38:00,120.0375,31.24859,5.4,17,30,21.838
OID_468,Lake Taihu,2023_10_17 11:48:00,120.0123,31.24572,4.52,14,50,21.784
OID_469,Lake Taihu,2023_10_17 12:00:00,119.9878,31.24665,4.71,17,50,21.544
OID_470,Lake Taihu,2023_10_17 12:08:00,119.9987,31.2617,4.94,17,40,21.731
OID_471,Lake Taihu,2023_10_17 12:16:00,119.9893,31.2683,7.73,20,30,21.654
OID_472,Lake Taihu,2023_10_17 12:26:00,119.9667,31.24118,6.72,22,30,21.714
OID_473,Lake Taihu,2023_10_17 12:34:00,119.9635,31.23002,7.26,25,30,21.744
OID_474,Lake Taihu,2023_10_17 12:42:00,119.9738,31.2155,6.54,21,30,21.672
OID_475,Lake Taihu,2023_10_17 12:55:00,119.928,31.2363,8.22,32,30,21.843
OID_476,Lake Taihu,2023_10_17 13:04:00,119.9255,31.25514,9.73,12,40,22.142
OID_477,Lake Tuosu,2023_07_21 11:24:00,96.88935,37.17779,0.12,1,440,18.272
OID_478,Lake Tuosu,2023_07_21 11:38:00,96.91601,37.16021,0.09,4,480,18.576
OID_479,Lake Tuosu,2023_07_21 11:49:00,96.89375,37.15383,0.09,10,500,18.45
OID_480,Lake Tuosu,2023_07_21 12:00:00,96.89453,37.13516,0.11,4.5,490,18.387
OID_481,Lake Tuosu,2023_07_21 12:10:00,96.88401,37.12379,0.11,11,510,18.578
OID_482,Lake Tuosu,2023_07_20 12:26:00,96.86524,37.09382,0.13,6,460,18.965
OID_483,Lake Tuosu,2023_07_21 12:39:00,96.88187,37.09118,0.1,4,480,19.076
OID_484,Lake Tuosu,2023_07_21 12:51:00,96.89535,37.11111,0.1,6.5,490,19.265
OID_485,Lake Tuosu,2023_07_21 13:01:00,96.90026,37.12448,0.06,6,480,18.999
OID_486,Lake Tuosu,2023_07_21 13:10:00,96.9141,37.13681,0.07,1,490,19.115
OID_487,Lake Tuosu,2023_07_21 13:31:00,96.96381,37.13043,0.07,1.5,470,19.218
OID_488,Lake Tuosu,2023_07_21 13:42:00,96.95246,37.11858,0.07,7.5,460,19.516
OID_489,Lake Tuosu,2023_07_21 13:53:00,96.93304,37.10798,0.09,1.5,470,19.353
OID_490,Lake Tuosu,2023_07_21 14:04:00,96.95837,37.09842,0.07,7.5,470,19.254
OID_491,Lake Tuosu,2023_07_21 14:14:00,96.99161,37.10485,0.07,0,460,19.176
OID_492,Lake Tuosu,2023_07_21 14:23:00,96.98951,37.1235,0.06,0.5,450,19.127
OID_493,Lake Tuosu,2023_07_21 14:33:00,96.97224,37.14262,0.04,0.5,480,19.535
OID_494,Lake Tuosu,2023_07_21 14:43:00,96.96801,37.1595,0.03,1,450,19.663
OID_495,Lake Tuosu,2023_07_21 15:02:00,96.9345,37.18459,0.05,5,450,18.965
OID_496,Lake Khanka,"2021_06_22 09:37:26
",132.314246,45.306506,3.036372,88.46,15,
OID_497,Lake Khanka,"2021_06_22 10:09:30
",132.276089,45.297477,1.956384,86.67,16,
OID_498,Lake Khanka,"2021_06_22 11:09:26
",132.222192,45.289366,1.688973,92,15,
OID_499,Lake Khanka,"2021_06_22 11:50:22
",132.166682,45.259837,1.953961,100.83,16,
OID_500,Lake Khanka,"2021_06_22 12:14:33
",132.317835,45.249604,3.377665,82.4,15,
OID_501,Lake Khanka,"2021_06_22 12:35:29
",132.364445,45.265569,2.145674,89.17,16,
OID_502,Lake Khanka,"2021_06_22 12:53:54
",132.412089,45.282515,1.141156,90.83,16,
OID_503,Lake Khanka,"2021_06_22 13:10:29
",132.452263,45.298379,0.316087,96.67,17,
OID_504,Lake Khanka,"2021_06_22 13:31:47
",132.507647,45.317189,1.722382,91.2,15,
OID_505,Lake Khanka,"2021_06_22 14:03:30
",132.577981,45.285891,0.983594,64.62,15,
OID_506,Lake Khanka,"2021_06_22 14:53:48
",132.4751,45.256119,0.455726,86.67,16,
OID_507,Lake Khanka,"2021_06_22 15:20:52
",132.428169,45.232661,1.019576,106.43,17,
OID_508,Lake Khanka,"2021_06_22 15:45:11
",132.380967,45.212828,0.51851,93.33,16,
OID_509,Lake Khanka,"2021_06_23 13:44:09
",132.706412,45.267214,1.457592,56.67,18,
OID_510,Lake Khanka,"2021_06_23 13:28:11
",132.625533,45.24195,0.401022,63.33,17,
OID_511,Lake Khanka,"2021_06_23 13:07:36
",132.57408,45.22776,1.371789,74,18,
OID_512,Lake Khanka,"2021_06_23 12:48:08
",132.477178,45.334452,0.144168,79.23,19,
OID_513,Lake Khanka,"2021_06_23 12:29:39
",132.671702,45.215164,2.174768,75.38,20,
OID_514,Lake Khanka,"2021_06_23 12:12:38
",132.72224,45.258932,1.768814,72,18,
OID_515,Lake Khanka,"2021_06_23 11:54:26
",132.74699,45.195304,1.172157,60.71,19,
OID_516,Lake Khanka,"2021_06_23 11:17:55
",132.771684,45.155363,2.421086,67.69,21,
OID_517,Lake Khanka,"2021_06_23 10:58:23
",132.73918,45.171401,2.062679,70.37,21,
OID_518,Lake Khanka,"2021_06_23 10:38:42
",132.724497,45.259056,1.696385,72.31,18,
OID_519,Lake Khanka,"2021_06_23 10:20:45
",132.660907,45.185707,1.139145,68.57,18,
OID_520,Lake Khanka,"2021_06_23 10:02:59
",132.771419,45.230293,1.592715,75,20,
OID_521,Lake Khanka,"2021_08_18 14:17:11
",132.681639,45.300791,6.527588,31.667,27.3,26.349
OID_522,Lake Khanka,"2021_08_18 13:20:22
",132.616718,45.321493,3.549671,32.333,28.4,25.677
OID_523,Lake Khanka,"2021_08_18 13:46:56
",132.652974,45.326316,2.853705,29.333,33.5,26.389
OID_524,Lake Khanka,"2021_08_18 12:46:58
",132.581306,45.345136,2.210093,22,39.5,25.656
OID_525,Lake Khanka,"2021_08_18 12:20:53
",132.548547,45.333255,0.813192,31.667,27.5,26.412
OID_526,Lake Khanka,"2021_08_18 11:19:00
",132.48447,45.347393,3.005887,24.333,35,26.45
OID_527,Lake Khanka,"2021_08_18 11:48:02
",132.522879,45.357317,1.147731,30.667,29.3,26.646
OID_528,Lake Khanka,"2021_08_18 10:41:34
",132.45136,45.370242,2.18334,25.429,34,26.199
OID_529,Lake Khanka,2021_09_05 09:27:15,132.361492,45.361279,7.988458,53.333333,21.5,21.278
OID_530,Lake Khanka,2021_09_05 09:52:58,132.383312,45.379642,7.185392,39.333333,24,21.46
OID_531,Lake Khanka,2021_09_05 10:14:41,132.394723,45.358319,6.452478,42.666667,16,21.418
OID_532,Lake Khanka,2021_09_05 10:38:42,132.415434,45.375431,5.120513,28,27,21.64046154
OID_533,Lake Khanka,2021_09_05 11:03:23,132.427608,45.355533,6.285199,43.333333,23.5,21.21227778
OID_534,Lake Khanka,2021_09_05 11:25:30,132.450449,45.372002,6.310368,34,24.5,21.86755556
OID_535,Lake Khanka,2021_09_05 11:44:34,132.460469,45.353039,6.812055,48.5,19,21.35533333
OID_536,Lake Khanka,2021_09_05 12:03:18,132.479886,45.364727,7.86249,40,27,21.58194737
OID_537,Lake Khanka,2021_09_05 12:21:56,132.492252,45.346348,6.131526,36,22.5,21.28521053
OID_538,Lake Khanka,2021_09_05 12:44:09,132.518264,45.358281,4.978794,34.666667,23.5,21.60063158
OID_539,Lake Khanka,2021_09_05 13:04:31,132.535975,45.338119,3.965888,42.666667,18,21.502
OID_540,Lake Khanka,2021_09_05 13:24:50,132.561269,45.347025,6.005651,37.333333,23,21.33304
OID_541,Lake Khanka,2021_09_05 13:44:50,132.577707,45.330155,6.034718,48,21.5,21.67557895
OID_542,Lake Khanka,2021_09_05 14:06:01,132.607604,45.337097,5.396434,38,21.5,21.27405556
OID_543,Lake Khanka,2021_09_05 15:58:40,132.655755,45.310337,4.184031,56.666667,15,21.58833333
OID_544,Lake Khanka,2021_09_05 14:31:07,132.649115,45.327628,5.045045,38.666667,23,21.87440909
OID_545,Lake Khanka,2021_09_05 15:44:06,132.672604,45.308427,4.815159,42.666667,18,21.385625
OID_546,Lake Khanka,2021_09_05 14:57:48,132.689124,45.311524,4.888318,50.666667,16,21.37933333
OID_547,Lake Khanka,2021_09_05 15:14:33,132.708675,45.303255,5.879044,59.333333,21.5,21.13490476
OID_548,Lake Khanka,"2021_10_21 10:18:58
",132.367902,45.362404,11.41983,42,28,4.818
OID_549,Lake Khanka,"2021_10_21 10:45:02
",132.383375,45.363321,14.385811,66,24,4.741
OID_550,Lake Khanka,"2021_10_21 11:02:13
",132.406551,45.36373,14.764642,48,28,5.021
OID_551,Lake Khanka,"2021_10_21 11:36:32
",132.451271,45.355292,15.329317,49.14,27,4.943
OID_552,Lake Khanka,"2021_10_21 11:57:15
",132.477424,45.348924,18.204285,77.71,22,4.992
OID_553,Lake Khanka,"2021_10_21 12:17:00
",132.503825,45.343856,17.529839,75,22,5.291
OID_554,Lake Khanka,"2021_10_21 12:33:56
",132.525792,45.343051,16.153677,79.29,22,5.226
OID_555,Lake Khanka,"2021_10_21 12:52:45
",132.550177,45.335925,16.537313,114.4,21,5.031
OID_556,Lake Khanka,"2021_10_21 13:12:40
",132.571603,45.327372,15.651633,104.8,21,4.972
OID_557,Lake Khanka,"2021_10_21 13:33:32
",132.599526,45.320184,14.654062,104,19,4.91
OID_558,Lake Khanka,"2021_10_21 13:55:00
",132.627844,45.311683,17.435902,131,20,4.741
OID_559,Lake Khanka,"2021_10_21 14:12:18
",132.648902,45.308328,18.389957,168,17,4.616
OID_560,Lake Khanka,"2021_10_21 14:29:21
",132.66991,45.302488,14.270647,102,21,5.17
OID_561,Lake Khanka,"2021_10_21 14:46:20
",132.689492,45.295923,11.951873,84,19,5.148
OID_562,Lake Khanka,"2021_10_21 15:05:03
",132.709926,45.287334,14.620432,117,17,5.018
OID_563,Lake Khanka,"2021_10_21 15:24:14
",132.731521,45.279859,14.619287,149,17,4.855
OID_564,Lake Khanka,"2021_10_22 11:06:18
",132.748908,45.291957,16.678715,156.25,17,4.946
OID_565,Lake Khanka,"2021_10_22 11:24:58
",132.72565,45.298264,17.901678,153.75,18,4.797
OID_566,Lake Khanka,"2021_10_22 11:49:28
",132.695359,45.312098,18.306881,150,20,5.087
OID_567,Lake Khanka,"2021_10_22 12:10:33
",132.669716,45.319847,9.780089,106.67,17,5.151
OID_568,Lake Khanka,"2021_10_22 12:27:39
",132.646505,45.325131,15.503927,120,17,5.054
OID_569,Lake Khanka,"2021_10_22 12:47:29
",132.621171,45.331576,11.562035,103.33,19,5.16
OID_570,Lake Khanka,"2021_10_22 13:08:11
",132.591387,45.340646,13.718407,85,19,5.249
OID_571,Lake Khanka,"2021_10_22 13:32:41
",132.562389,45.349229,14.343961,91.43,20,5.221
OID_572,Lake Khanka,"2021_10_23 10:25:52
",132.405821,45.381734,13.513909,60,21,4.959
OID_573,Lake Khanka,"2021_10_23 10:41:13
",132.4255,45.377581,16.628483,100.8,18,4.985
OID_574,Lake Khanka,"2021_10_23 10:59:35
",132.448572,45.372195,11.599133,74.55,19,5.033
OID_575,Lake Khanka,"2021_10_23 11:17:49
",132.473227,45.368812,15.613159,95.45,22,5.093
OID_576,Lake Khanka,"2021_10_23 11:34:30
",132.494884,45.364943,12.95314,120.91,20,5.38
OID_577,Lake Khanka,"2021_10_23 11:52:38
",132.516907,45.359019,15.263781,90,19,5.247
OID_578,Lake Khanka,"2021_10_23 12:09:29
",132.538941,45.355312,12.491293,100.91,17,5.268
OID_579,Lake Khanka,"2021_10_23 12:29:42
",132.565639,45.349534,13.114319,93.64,18,5.29
OID_580,Lake Khanka,"2021_10_23 12:48:30
",132.591028,45.342215,12.753942,129,19,5.212
OID_581,Lake Khanka,"2021_10_23 13:09:19
",132.62054,45.335172,13.978406,120,20,5.31
OID_582,Lake Khanka,"2021_10_23 13:28:02
",132.646396,45.327549,16.279068,148,21,5.354
OID_583,Lake Khanka,"2021_10_23 13:46:05
",132.667654,45.321265,14.57394,137.78,18,5.378
OID_584,Lake Khanka,"2021_10_23 14:04:21
",132.692016,45.313226,14.270393,134.44,17,5.469
OID_585,Lake Khanka,"2021_10_23 14:23:52
",132.714912,45.305718,17.108135,151.11,16,5.504
OID_586,Lake Khanka,"2021_10_23 14:37:27
",132.727077,45.301127,17.079479,150,15,5.169
